{
  "batch": "batch2",
  "results": [
    {
      "video_id": "0021_2446450580",
      "total_detections": 13,
      "total_gt_objects": 11,
      "matched_detections": 6,
      "gt_categories": [
        "sand",
        "shoe",
        "towel",
        "adult",
        "child",
        "dog",
        "bottle",
        "bag"
      ],
      "det_labels_sample": [
        "person",
        "dog",
        "surfboard",
        "person",
        "person"
      ],
      "R@20": 54.54545454545454,
      "R@50": 54.54545454545454,
      "R@100": 54.54545454545454,
      "mR@20": 51.81818181818181,
      "mR@50": 51.81818181818181,
      "mR@100": 51.81818181818181
    },
    {
      "video_id": "0021_4999665957",
      "total_detections": 102,
      "total_gt_objects": 12,
      "matched_detections": 7,
      "gt_categories": [
        "adult",
        "table",
        "chair",
        "candle",
        "bowl",
        "cake",
        "camera"
      ],
      "det_labels_sample": [
        "person",
        "dining table",
        "person",
        "cake",
        "chair"
      ],
      "R@20": 58.333333333333336,
      "R@50": 58.333333333333336,
      "R@100": 58.333333333333336,
      "mR@20": 55.416666666666664,
      "mR@50": 55.416666666666664,
      "mR@100": 55.416666666666664
    },
    {
      "video_id": "0024_5224805531",
      "total_detections": 40,
      "total_gt_objects": 22,
      "matched_detections": 13,
      "gt_categories": [
        "spoon",
        "adult",
        "baby",
        "table",
        "fork",
        "candle",
        "plate",
        "cup",
        "cake",
        "box",
        "cellphone",
        "toy",
        "chair"
      ],
      "det_labels_sample": [
        "cake",
        "chair",
        "dining table",
        "person",
        "person"
      ],
      "R@20": 59.09090909090909,
      "R@50": 59.09090909090909,
      "R@100": 59.09090909090909,
      "mR@20": 56.13636363636363,
      "mR@50": 56.13636363636363,
      "mR@100": 56.13636363636363
    },
    {
      "video_id": "0026_2764832695",
      "total_detections": 33,
      "total_gt_objects": 14,
      "matched_detections": 10,
      "gt_categories": [
        "ground",
        "fence",
        "adult",
        "child",
        "toy",
        "ball"
      ],
      "det_labels_sample": [
        "sports ball",
        "person",
        "person",
        "person",
        "person"
      ],
      "R@20": 71.42857142857143,
      "R@50": 71.42857142857143,
      "R@100": 71.42857142857143,
      "mR@20": 67.85714285714286,
      "mR@50": 67.85714285714286,
      "mR@100": 67.85714285714286
    },
    {
      "video_id": "0027_4571353789",
      "error": "Results directory not found"
    },
    {
      "video_id": "0028_3085751774",
      "total_detections": 24,
      "total_gt_objects": 12,
      "matched_detections": 8,
      "gt_categories": [
        "ground",
        "adult",
        "dog",
        "cup",
        "bag",
        "camera"
      ],
      "det_labels_sample": [
        "person",
        "person",
        "person",
        "person",
        "person"
      ],
      "R@20": 66.66666666666666,
      "R@50": 66.66666666666666,
      "R@100": 66.66666666666666,
      "mR@20": 63.33333333333332,
      "mR@50": 63.33333333333332,
      "mR@100": 63.33333333333332
    },
    {
      "video_id": "0028_4021064662",
      "error": "Results directory not found"
    },
    {
      "video_id": "0029_5139813648",
      "total_detections": 11,
      "total_gt_objects": 9,
      "matched_detections": 4,
      "gt_categories": [
        "floor",
        "cabinet",
        "child",
        "baby",
        "sofa",
        "chair",
        "ball"
      ],
      "det_labels_sample": [
        "person",
        "person",
        "tv",
        "chair",
        "person"
      ],
      "R@20": 44.44444444444444,
      "R@50": 44.44444444444444,
      "R@100": 44.44444444444444,
      "mR@20": 42.22222222222222,
      "mR@50": 42.22222222222222,
      "mR@100": 42.22222222222222
    },
    {
      "video_id": "0029_5290336869",
      "total_detections": 88,
      "total_gt_objects": 13,
      "matched_detections": 8,
      "gt_categories": [
        "tree",
        "floor",
        "piano",
        "cabinet",
        "book",
        "adult",
        "child",
        "table",
        "chair",
        "candle"
      ],
      "det_labels_sample": [
        "chair",
        "person",
        "chair",
        "chair",
        "chair"
      ],
      "R@20": 61.53846153846154,
      "R@50": 61.53846153846154,
      "R@100": 61.53846153846154,
      "mR@20": 58.46153846153846,
      "mR@50": 58.46153846153846,
      "mR@100": 58.46153846153846
    },
    {
      "video_id": "0034_2445168413",
      "total_detections": 7,
      "total_gt_objects": 3,
      "matched_detections": 3,
      "gt_categories": [
        "adult",
        "baby",
        "cup"
      ],
      "det_labels_sample": [
        "person",
        "person",
        "cup",
        "person",
        "person"
      ],
      "R@20": 100.0,
      "R@50": 100.0,
      "R@100": 100.0,
      "mR@20": 95.0,
      "mR@50": 95.0,
      "mR@100": 95.0
    }
  ],
  "summary": {
    "total_videos": 10,
    "successful": 8,
    "avg_R@20": 64.50598013098013,
    "avg_mR@20": 61.28068112443112,
    "avg_R@50": 64.50598013098013,
    "avg_mR@50": 61.28068112443112,
    "avg_R@100": 64.50598013098013,
    "avg_mR@100": 61.28068112443112
  }
}