{
  "train": [
    {
      "loss": 1.435623682588696,
      "pred_loss": 1.3384030951584558,
      "exist_loss": 0.1944411733596445
    },
    {
      "loss": 1.2562535065684102,
      "pred_loss": 1.165014068428561,
      "exist_loss": 0.18247887595809048
    }
  ],
  "val": [
    {
      "R@10": 1.0791551458594335,
      "R@20": 1.9213082704081808,
      "R@50": 4.093549619399646,
      "loss": NaN
    },
    {
      "R@10": 1.092217956710176,
      "R@20": 1.9693245035568203,
      "R@50": 4.177594313455708,
      "loss": NaN
    }
  ]
}