{
  "observer_detect_with_yolo": {
    "count": 261,
    "total_time": 310.45355654499144,
    "avg_time": 1.1894772281417296,
    "min_time": 0.8962451249972219,
    "max_time": 2.7750627909990726
  },
  "observer_detect_objects": {
    "count": 261,
    "total_time": 389.81553875407553,
    "avg_time": 1.4935461254945424,
    "min_time": 1.0860910000046715,
    "max_time": 4.572320084000239
  },
  "observer_process_video": {
    "count": 1,
    "total_time": 401.6495451660012,
    "avg_time": 401.6495451660012,
    "min_time": 401.6495451660012,
    "max_time": 401.6495451660012
  },
  "embedder_embed_batch": {
    "count": 18,
    "total_time": 34.57883550299448,
    "avg_time": 1.9210464168330266,
    "min_time": 0.5854742919909768,
    "max_time": 3.0244727919925936
  },
  "embedder_embed_detections": {
    "count": 1,
    "total_time": 34.587418874987634,
    "avg_time": 34.587418874987634,
    "min_time": 34.587418874987634,
    "max_time": 34.587418874987634
  },
  "describer_generate_description": {
    "count": 24,
    "total_time": 133.7102872520045,
    "avg_time": 5.571261968833521,
    "min_time": 3.3791185000009136,
    "max_time": 16.505723374997615
  },
  "describer_describe_observation": {
    "count": 24,
    "total_time": 133.71479020794504,
    "avg_time": 5.57144959199771,
    "min_time": 3.379215334003675,
    "max_time": 16.505849833993125
  },
  "describer_describe_entities": {
    "count": 1,
    "total_time": 143.5661855829967,
    "avg_time": 143.5661855829967,
    "min_time": 143.5661855829967,
    "max_time": 143.5661855829967
  },
  "engine_process_video": {
    "count": 1,
    "total_time": 588.2169231659936,
    "avg_time": 588.2169231659936,
    "min_time": 588.2169231659936,
    "max_time": 588.2169231659936
  }
}